Overall,vaccinationratio,populationratio,ratioofratios
India,0.8896773149231959,0.9426786668741968,0.9437758020697057
